<?xml version="1.0" encoding="UTF-8" standalone="yes"?>
<SoapRequest>
	<Header>
		<!--请求流水编号 -->
		<RequestId/>
		<!-- 请求时间-->
		<RequestTime/>
		<!--系统 -->
		<SrcSystem/>
		<!--调度码 -->
		<Integration/>
		<!--用户名 -->
		<UserName/>
		<!--密码-->
		<Password/>
		
	</Header>
	<Body>
		<putData>
			<ZjmbShjcBgks>
				<!-- 描述数量-->
				<count/>
				<!-- 回传类型 -->
				<datatype />
				<!--上报区域 -->
				<areareport />
				<ZjmbShjcBgk>
					<!--医院唯一标识 -->
					<VC_BGKID/>
					<!--医院记录生成日期 -->
					<DT_YYTJRQ/>
					<!--监测医院 -->
					<VC_JKDW/>
					<!--姓名 -->
					<VC_XM/>
					<!--性别 -->
					<VC_XB/>
					<!--年龄（周岁） -->
					<VC_NL/>
					<!--联系电话 -->
					<VC_DH/>
					<!--受伤日期 -->
					<DT_SHRQ/>
					<!--就诊日期 -->
					<DT_JZRQ/>
					<!--住址 -->
					<VC_ZZ/>
					<!--户籍 -->
					<VC_HJ/>
					<!--职业 -->
					<VC_ZY/>
					<!--职业其他 -->
					<VC_ZYQT/>
					<!--发生地点 -->
					<VC_FSDD/>
					<!--发生地点其它 -->
					<VC_FSDDQT/>
					<!--受伤原因 -->
					<VC_SHYY/>
					<!--受伤原因其它 -->
					<VC_SHYYQT/>
					<!--受伤时在做什么 -->
					<VC_SHSZSM/>
					<!--受伤时在做什么其他 -->
					<VC_SHSZSMQT/>
					<!--严重程度 -->
					<VC_YZCD/>
					<!--发生前是否饮酒 -->
					<VC_FSQSFYJ/>
					<!--病人抵达情况 -->
					<VC_BRDDQK/>
					<!--病人抵达情况其它 -->
					<VC_BRDDQKQT/>
					<!--是否故意 -->
					<VC_SFGY/>
					<!--结局 -->
					<VC_JJ/>
					<!--伤害是否由机动车造成 -->
					<VC_SFJDC/>
					<!--受伤者交通工具 -->
					<VC_SSZJTGJ/>
					<!--受伤者交通工具其它 -->
					<VC_SSZJTGJQT/>
					<!--受伤者情况 -->
					<VC_SSZQK/>
					<!--受伤者情况其它 -->
					<VC_SSZQKQT/>
					<!--受伤者和什么发生碰撞 -->
					<VC_SSZHSMFSPZ/>
					<!--受伤者和什么发生碰撞其它 -->
					<VC_SSZHSMFSPZQT/>
					<!--受伤者的位置 -->
					<VC_CZJDCSSZDWZ/>
					<!--座位有无安全带 -->
					<VC_ZWYWANQD/>
					<!--安全带使用 -->
					<VC_ANQDSY/>
					<!--有无保护装置 -->
					<VC_YWBHZZ/>
					<!--保护装置使用 -->
					<VC_BHZZSY/>
					<!--自伤主要相关因素 -->
					<VC_ZYXGYS/>
					<!--自伤主要相关因素其它 -->
					<VC_ZYXGYSQT/>
					<!--以前自伤发生的次数 -->
					<VC_YQZSFSDCS/>
					<!--他伤-伤害起因 -->
					<VC_SHQY/>
					<!--他伤-伤害起因其它 -->
					<VC_SHQYQT/>
					<!--他伤-受伤者与伤人者之间的关系 -->
					<VC_SSZYSRG/>
					<!--他伤-受伤者与伤人者之间的关系其它 -->
					<VC_SSZYSRGXQT/>
					<!--他伤-使用工具 -->
					<VC_SYGJ/>
					<!--他伤-使用工具其它 -->
					<VC_SYGJQT/>
					<!--伤害性质最严重 -->
					<VC_SHXZ1/>
					<!--伤害性质第二 -->
					<VC_SHXZ2/>
					<!--伤害性质第三 -->
					<VC_SHXZ3/>
					<!--受伤部位最严重 -->
					<VC_SSBW1/>
					<!--受伤部位第二 -->
					<VC_SSBW2/>
					<!--受伤部位第三 -->
					<VC_SSBW3/>
					<!--事件摘要 -->
					<VC_SJZY/>
					<!--伤害外部原因编码 -->
					<VC_SHWBYY/>
					<!--患者就诊科别 -->
					<VC_HZJZKB/>
					<!--患者就诊科别其他 -->
					<VC_HZJZKBQT/>
					<!--填写医生/护士 -->
					<VC_TXYSHS/>
					<!--报告卡状态 -->
					<VC_BGKZT/>
					<!--审核标志 -->
					<VC_SHBZ/>
					<!--医院审核时间 -->
					<DT_YYSHSJ/>
					<!--区县审核时间 -->
					<DT_QXSHSJ/>
					<!--上传主键 -->
					<VC_ID/>
					<!--区县审核时间 -->
					<DT_QXSHSJ/>
					<!--创建时间 -->
					<DT_CJSJ/>
					<!--上传主键 -->
					<VC_ID/>
				</ZjmbShjcBgk>
               ....
			</ZjmbShjcBgks>
		</putData>
	</Body>
</SoapRequest>