<?xml version="1.0" encoding="UTF-8" standalone="yes"?>
<SoapRequest>
	<Header>
		<!--请求流水编号 -->
		<RequestId/>
		<!-- 请求时间-->
		<RequestTime/>
		<!--系统 -->
		<SrcSystem/>
		<!--调度码 -->
		<Integration/>
		<!--用户名 -->
		<UserName/>
		<!--密码-->
		<Password/>
	</Header>
	<Body>
		<putData>
			<ZjjkXnxgSfks>
				<!-- 描述数量-->
				<count/>
				<!-- 回传类型 -->
				<datatype />
				<!--上报区域 -->
				<areareport />
				<ZjjkXnxgSfk>
					<!--随访卡id -->
					<VC_SFKID/>
					<!--报告卡id -->
					<VC_BGKID/>
					<!--随访日期 -->
					<DT_SFRQ/>
					<!--随访医生 -->
					<VC_SFYS/>
					<!--户籍迁出 -->
					<VC_HJQC/>
					<!--迁出省 -->
					<VC_QCD/>
					<!--迁出市 -->
					<VC_QCSDM/>
					<!--迁出区 -->
					<VC_QCQXDM/>
					<!--迁出街 -->
					<VC_QCJDDM/>
					<!--迁出居委 -->
					<VC_QCJW/>
					<!--迁出详细地址 -->
					<VC_QCXXDZ/>
					<!--迁移日期 -->
					<DT_QYRQ/>
					<!--吸烟史 -->
					<VC_XYS/>
					<!--随访期发作次数 -->
					<NB_SFQFZCS/>
					<!--第一次发病时间 -->
					<DT_DYCFBSJ/>
					<!--第一次确诊时间 -->
					<DT_DYCQZSJ/>
					<!--治疗情况 -->
					<VC_ZLQK/>
					<!--是否发病28天死亡1 -->
					<VC_SFFBSW1/>
					<!--rank评分1 -->
					<VC_CFRKPF/>
					<!--药物治疗1 -->
					<VC_YWZL/>
					<!--药物治疗其他 -->
					<VC_YWZLQT/>
					<!--第二次发病时间 -->
					<DT_DECFBSJ/>
					<!--第二次确诊时间 -->
					<DT_DECQZSJ/>
					<!--治疗情况2 -->
					<VC_ZLQK2/>
					<!--是否发病28天死亡2 -->
					<VC_SFFBSW2/>
					<!--rank评分2 -->
					<VC_CFRKPF2/>
					<!--药物治疗2 -->
					<VC_YWZL2/>
					<!--第三次发病时间 -->
					<DT_DSCFBSJ/>
					<!--第三次确诊时间 -->
					<DT_DSCQZSJ/>
					<!--治疗情况3 -->
					<VC_ZLQK3/>
					<!--是否发病28天死亡3 -->
					<VC_SFFBSW3/>
					<!--rank评分3 -->
					<VC_CFRKPF3/>
					<!--药物治疗其他3 -->
					<VC_YWZL3/>
					<!--目前情况 -->
					<VC_MQQK/>
					<!--是否后遗症 -->
					<VC_SFHYZ/>
					<!--家族史 -->
					<VC_JZS/>
					<!--与患者关系 -->
					<VC_GX/>
					<!--撤销管理日期 -->
					<DT_CXGLRQ/>
					<!--撤销原因 -->
					<VC_CXYY/>
					<!--撤销原因注明 -->
					<VC_CXYYZM/>
					<!--生存期年 -->
					<NB_QZSJN/>
					<!--生存期月 -->
					<NB_QZSJY/>
					<!--死亡日期 -->
					<DT_SWRQ/>
					<!--死亡原因 -->
					<VC_SWYY/>
					<!--死亡icd -->
					<VC_SWICD/>
					<!--死亡icd名称 -->
					<VC_SWICDMC/>
					<!--死亡地点 -->
					<VC_SWDD/>
					<!--创建用户 -->
					<VC_CJYH/>
					<!--创建时间 -->
					<DT_CJSJ/>
					<!--修改时间 -->
					<DT_XGSJ/>
					<!--修改用户 -->
					<VC_XGYH/>
					<!--上传主键 -->
					<VC_ID/>
				</ZjjkXnxgSfk>
               .....
			</ZjjkXnxgSfks>
		</putData>
	</Body>
</SoapRequest>