<?xml version="1.0" encoding="UTF-8" standalone="yes"?>
<SoapRequest>
	<Header>
		<!--请求流水编号 -->
		<RequestId/>
		<!-- 请求时间-->
		<RequestTime/>
		<!--系统 -->
		<SrcSystem/>
		<!--调度码 -->
		<Integration/>
		<!--用户名 -->
		<UserName/>
		<!--密码-->
		<Password/>
	</Header>
	<Body>
		<putData>
			<ZjjkXnxgBgks>

				<!-- 描述数量-->
				<count/>
				<!-- 回传类型 -->
				<datatype />
				<!--上报区域 -->
				<areareport />
				<ZjjkXnxgBgk>
					<!--医院唯一标识 -->
					<VC_BGKID/>
					<!--门诊号 -->
					<VC_MZH/>
					<!--住院号 -->
					<VC_ZYH/>
					<!--患者姓名 -->
					<VC_HZXM/>
					<!--患者性别 -->
					<VC_HZXB/>
					<!--患者婚姻 -->
					<VC_HZHY/>
					<!--患者ICD编码 -->
					<VC_HZICD/>
					<!--患者出生日期 -->
					<DT_HZCSRQ/>
					<!--职业 -->
					<VC_HZZY/>
					<!--具体工种 -->
					<VC_JTGZ/>
					<!--患者身份证号 -->
					<VC_HZSFZH/>
					<!--患者文化程度 -->
					<VC_HZWHCD/>
					<!--患者民族 -->
					<VC_HZMZ/>
					<!--联系电话 -->
					<VC_HZJTDH/>
					<!--工作单位 -->
					<VC_GZDW/>
					<!--常住户口地址省 -->
					<VC_CZHKS/>
					<!--常住户口地址市 -->
					<VC_CZHKSI/>
					<!--常住户口地址区县 -->
					<VC_CZHKQX/>
					<!--常住户口地址街道 -->
					<VC_CZHKJD/>
					<!--常住户口居委 -->
					<VC_CZHKJW/>
					<!--常住户口详细地址 -->
					<VC_CZHKXXDZ/>
					<!--目前居住地址省 -->
					<VC_MQJZS/>
					<!--目前居住地址市 -->
					<VC_MQJZSI/>
					<!--目前居住地址区县 -->
					<VC_MQJZQX/>
					<!--目前居住地址街道 -->
					<VC_MQJZJD/>
					<!--目前居住地址居委 -->
					<VC_MQJZJW/>
					<!--目前居住详细地址 -->
					<VC_MQXXDZ/>
					<!--冠心病诊断 -->
					<VC_GXBZD/>
					<!--脑卒中诊断 -->
					<VC_NCZZD/>
					<!--临床症状诊断依据 -->
					<VC_LCZZ/>
					<!--心电图诊断依据 -->
					<VC_XDT/>
					<!--血清酶诊断依据 -->
					<VC_XQM/>
					<!--脑脊液诊断依据 -->
					<VC_NJY/>
					<!--脑电图诊断依据 -->
					<VC_NDT/>
					<!--血管造影诊断依据 -->
					<VC_XGZY/>
					<!--CT诊断依据 -->
					<VC_CT/>
					<!--磁共振诊断依据 -->
					<VC_CKZ/>
					<!--尸检诊断依据 -->
					<VC_SJ/>
					<!--神经科医生检查诊断依 -->
					<VC_SJKYSJC/>
					<!--病史 -->
					<VC_BS/>
					<!--死后推断 -->
					<VC_SHTD/>
					<!--本次卒中发病时间与CT/核磁共振检查时间间隔 -->
					<VC_CGZSJJG/>
					<!--首要症状(脑卒中) -->
					<VC_SYZZ/>
					<!--发病日期 -->
					<DT_FBRQ/>
					<!--确诊日期 -->
					<DT_QZRQ/>
					<!--是否首次发病 -->
					<VC_SFSF/>
					<!--确诊单位 -->
					<VC_QZDW/>
					<!--报卡单位医院 -->
					<VC_BKDWYY/>
					<!--报卡医师 -->
					<VC_BKYS/>
					<!--报卡日期 -->
					<DT_BKRQ/>
					<!--死亡日期 -->
					<DT_SWRQ/>
					<!--死亡原因 -->
					<VC_SWYS/>
					<!--死亡原因ICD -->
					<VC_SWYSICD/>
					<!--死亡具体原因 -->
					<VC_SWYSMC/>
					<!--病史摘要 -->
					<VC_BSZY/>
					<!--审核标志 -->
					<VC_SHBZ/>
					<!--管理单位代码 -->
					<VC_GLDWDM/>
					<!--报告卡状态 -->
					<VC_KZT/>
					<!--报告卡类型 -->
					<VC_BGKLX/>
					<!--初访时间 -->
					<DT_CFSJ/>
					<!--随访时间 -->
					<DT_SFSJ/>
					<!--医院审核时间 -->
					<DT_YYSHSJ/>
					<!--区县审核时间 -->
					<DT_QXSHSJ/>
					<!--创建时间 -->
					<DT_CJSJ/>
					<!--上传主键 -->
					<VC_ID/>
				</ZjjkXnxgBgk>
              ....
			</ZjjkXnxgBgks>
		</putData>
	</Body>
</SoapRequest>
