<SoapRequest>
    <Header>
		<!--请求流水编号 -->
        <RequestId/>
        <!-- 请求时间-->
		<RequestTime/>
		<!--系统 -->
		<SrcSystem/>
		<!--调度码 -->
        <Integration/>
		<!--用户名 -->
        <UserName/>
		<!--密码-->
        <Password/>
    </Header>
    <Body>
        <putData>
            <ZjjkDzCxs>
				<!-- 描述数量-->
                <count/>
				<!-- 回传类型 -->
                <datatype />
				
                <ZjjkDzCx>
					<!--日志id -->
                    <id/> 
					<!--接口所传ID 与日志表相互对应 -->
                    <VC_ID/>
					<!--对账结果 -->
                    <VC_DZJG/>
					<!--入库时间 -->
                    <DT_RKSJ/>
					<!--报告卡id -->
                    <VC_BGKID/>
					<!--病种 -->
                    <VC_BZ/>
                    <!--报告单位 -->
					<VC_BGDW/>
                </ZjjkDzCx>
					.....
            </ZjjkDzCxs>
        </putData>
    </Body>
</SoapRequest>