<?xml version="1.0" encoding="UTF-8" standalone="yes"?>
<SoapRequest>
	 <Header>
        <!--请求流水编号 -->
        <RequestId/>
        <!-- 请求时间-->
        <RequestTime/>
        <!--系统 -->
        <SrcSystem/>
        <!--调度码 -->
        <Integration/>
        <!--用户名 -->
        <UserName/>
        <!--密码-->
        <Password/>
    </Header>
	<Body>
		<putData>
			<ZjmbSwBgks>
			    <!-- 描述数量-->
                <count/>
                <!-- 回传类型 -->
                <datatype />
				<!--上报区域 -->
				<areareport />
				<ZjmbSwBgk>
					<!--医院唯一标识 -->
					<VC_BGKID/>
					<!--死者姓名 -->
					<VC_XM/>
					<!--性别 -->
					<VC_XB/>
					<!--民族 -->
					<VC_MZ/>
					<!--个人身份 -->
					<VC_ZY/>
					<!--婚姻状况 -->
					<VC_HYZK/>
					<!--文化程度 -->
					<VC_WHCD/>
					<!--出生日期 -->
					<DT_CSRQ/>
					<!--死亡日期 -->
					<DT_SWRQ/>
					<!--证件类型 -->
					<VC_ZJLX/>
					<!--证件号码 -->
					<VC_SFZHM/>
					<!--死亡地点 -->
					<VC_SWDD/>
					<!--最高诊断单位 -->
					<VC_SQZGZDDW/>
					<!--诊断依据 -->
					<VC_ZDYJ/>
					<!--根本死因编码 -->
					<VC_GBSY/>
					<!--统计分类号 -->
					<FENLEITJ/>
					<!--联系家属姓名 -->
					<VC_JSXM/>
					<!--家属电话 -->
					<VC_JSLXDH/>
					<!--家属地址 -->
					<VC_JSDZ/>
					<!--死者生前工作单位 -->
					<VC_LXDZHGZDW/>
					<!--住院号 -->
					<VC_ZYH/>
					<!--报卡单位 -->
					<VC_CJDWDM/>
					<!--报卡日期 -->
					<DT_DCRQ/>
					<!--报卡医师 -->
					<VC_YSQM/>
					<!--a直接导致死亡的疾病ICD10编码 -->
					<NB_AZJSWJBICD/>
					<!--a发病到死亡的时间间隔 -->
					<VC_AFBDSWSJJG/>
					<!--b直接导致死亡的疾病ICD10编码 -->
					<NB_BZJSWJBIDC/>
					<!--b发病到死亡的时间间隔 -->
					<VC_BFBDSWSJJG/>
					<!--c直接导致死亡的疾病ICD11编码 -->
					<NB_CZJSWJBICD/>
					<!--c发病到死亡的时间间隔 -->
					<VC_CFBDSWSJJG/>
					<!--d直接导致死亡的疾病ICD12编码 -->
					<NB_DAJSWJBICD/>
					<!--d发病到死亡的时间间隔 -->
					<VC_DFBDSWSJJG/>
					<!--其他疾病诊断1 ICD-10代码 -->
					<NB_EAJSWJBICD/>
					<!--其他疾病发病1到死亡时间间隔 -->
					<VC_EFBDSWSJJG/>
					<!--其他疾病诊断2 ICD-10代码 -->
					<NB_FAJSWJBICD/>
					<!--其他疾病发病2到死亡时间间隔 -->
					<VC_FFBDSWSJJG/>
					<!--其他疾病诊断3 ICD-10代码 -->
					<NB_GAJSWJBICD/>
					<!--其他疾病发病3到死亡时间间隔 -->
					<VC_GFBDSWSJJG/>
					<!--a直接导致死亡的疾病（手工填报） -->
					<VC_AZJSWJB1/>
					<!--b直接导致死亡的疾病（手工填报） -->
					<VC_BZJSWJB1/>
					<!--c直接导致死亡的疾病（手工填报） -->
					<VC_CZJSWJB1/>
					<!--d直接导致死亡的疾病（手工填报） -->
					<VC_DZJSWJB1/>
					<!--其他疾病诊断1（手工填报） -->
					<VC_EZJSWJB1/>
					<!--其他疾病诊断2（手工填报） -->
					<VC_FZJSWJB1/>
					<!--其他疾病诊断3（手工填报） -->
					<VC_GZJSWJB1/>
					<!--妊娠情况 -->
					<VC_RSQK/>
					<!--户籍地址类型 -->
					<VC_HKQCS/>
					<!--户口市代码（浙江省） -->
					<VC_HKSDM/>
					<!--户口区县代码（浙江省） -->
					<VC_HKQXDM/>
					<!--户口街道代码（浙江省） -->
					<VC_HKJDDM/>
					<!--户口详细地址（浙江省） -->
					<VC_HKJW/>
					<!--户口省代码（外省） -->
					<VC_WSHKSHENDM/>
					<!--户口市代码（外省） -->
					<VC_WSHKSDM/>
					<!--户口区县代码（外省） -->
					<VC_WSHKQXDM/>
					<!--户口街道代码（外省） -->
					<VC_WSHKJDDM/>
					<!--户口详细地址（外省） -->
					<VC_WSHKJW/>
					<!--国家或地区 -->
					<VC_GJHDQ/>
					<!--居住地址类型 -->
					<VC_JZQCS/>
					<!--居住市代码（浙江省） -->
					<VC_JZSDM/>
					<!--居住区县代码（浙江省） -->
					<VC_JZQXDM/>
					<!--居住街道代码（浙江省） -->
					<VC_JZJDDM/>
					<!--居住详细地址（浙江省） -->
					<VC_JZJW/>
					<!--居住省代码（外省） -->
					<VC_WSJZSHENDM/>
					<!--居住市代码（外省） -->
					<VC_WSJZSDM/>
					<!--居住区县代码（外省） -->
					<VC_WSJZQXDM/>
					<!--居住街道代码（外省） -->
					<VC_WSJZJDDM/>
					<!--居住详细地址（外省） -->
					<VC_WSJZJW/>
					<!--死者生前病史及症状体征 -->
					<vc_szsqbljzztz/>
					<!--审核标志 -->
					<VC_SHBZ/>
					<!--管理单位代码 -->
					<VC_GLDWDM/>
					<!--报告卡状态 -->
					<VC_BGKLB/>
					<!--初访时间 -->
					<DT_CFSJ/>
					<!--医院审核时间 -->
					<DT_YYSHSJ/>
					<!--区县审核时间 -->
					<DT_SHSJ/>
					<!--创建时间 -->
					<DT_JKSJ/>
					<!--上传主键 -->
					<VC_ID/>
				</ZjmbSwBgk>
               ......
			</ZjmbSwBgks>
		</putData>
	</Body>
</SoapRequest>