<?xml version="1.0" encoding="UTF-8" standalone="yes"?>
<SoapRequest>
	 <Header>
        <!--请求流水编号 -->
        <RequestId/>
        <!-- 请求时间-->
        <RequestTime/>
        <!--系统 -->
        <SrcSystem/>
        <!--调度码 -->
        <Integration/>
        <!--用户名 -->
        <UserName/>
        <!--密码-->
        <Password/>
    </Header>
	<Body>
		<putData>
			<ZjjkTnbHzxxBgks>
                <!-- 描述数量-->
                <count/>
                <!-- 回传类型 -->
                <datatype />
				<!--上报区域 -->
				<areareport />
				<ZjjkTnbHzxxBgk>
					<!--医院唯一标识 -->
					<VC_BGKID/>
					<!--ICD—10 -->
					<VC_ICD10/>
					<!--糖尿病类型 -->
					<VC_TNBLX/>
					<!--危险因素 -->
					<VC_WXYS/>
					<!--体重 -->
					<VC_WXYSTZ/>
					<!--身高 -->
					<VC_WXYSSG/>
					<!--糖尿病家族史 -->
					<VC_TNBS/>
					<!--家族史人数 -->
					<VC_JZSRS/>
					<!--首次确诊有无并发症 -->
					<VC_YWBFZ/>
					<!--主诉、临床表现 -->
					<VC_ZSLCBX/>
					<!--临床表现其它 -->
					<VC_ZSLCBXQT/>
					<!--E1 空腹血糖值 -->
					<NB_KFXTZ/>
					<!--E2 随机血糖值 -->
					<NB_SJXTZ/>
					<!--E3 OGTT -->
					<NB_XJPTT/>
					<!--E4 总胆固醇 -->
					<NB_ZDGC/>
					<!--E5 HDL-C -->
					<NB_E4HDLC/>
					<!--E6 LDL-C -->
					<NB_E5LDLC/>
					<!--E7 甘油三酯 -->
					<NB_GYSZ/>
					<!--E8 尿微量蛋白 -->
					<NB_NWLDB/>
					<!--E9 糖化血红蛋白 -->
					<NBTHXHDB/>
					<!--病史摘要(备注) -->
					<VC_BSZYQT/>
					<!--首次诊断日期 -->
					<DT_SCZDRQ/>
					<!--最高诊断单位 -->
					<VC_ZDDW/>
					<!--报卡单位 -->
					<VC_BGDW/>
					<!--报告医生 -->
					<VC_BGYS/>
					<!--报告日期 -->
					<DT_BGRQ/>
					<!--死亡日期 -->
					<DT_SWRQ/>
					<!--死亡原因 -->
					<VC_SWYY/>
					<!--死亡ICD-10 -->
					<VC_SWICD10/>
					<!--死亡具体原因 -->
					<VC_SWICDMC/>
					<!--住院号 -->
					<VC_ZYH/>
					<!--门诊号 -->
					<VC_MZH/>
					<!--审核标志 -->
					<VC_SHBZ/>
					<!--患者姓名 -->
					<VC_HZXM/>
					<!--患者性别 -->
					<VC_HZXB/>
					<!--患者民族 -->
					<VC_HZMZ/>
					<!--文化程度 -->
					<VC_WHCD/>
					<!--患者出生日期 -->
					<DT_HZCSRQ/>
					<!--身份证号 -->
					<VC_SFZH/>
					<!--联系电话 -->
					<VC_LXDH/>
					<!--行业代码 -->
					<VC_HYDM/>
					<!--职业代码-具体工种 -->
					<VC_ZYDM/>
					<!--工作单位 -->
					<VC_GZDW/>
					<!--户口省份 -->
					<VC_HKSHEN/>
					<!--户口市 -->
					<VC_HKS/>
					<!--户口区县 -->
					<VC_HKQX/>
					<!--户口街道 -->
					<VC_HKJD/>
					<!--户口居委 -->
					<VC_HKJW/>
					<!--户口详细地址 -->
					<VC_HKXXDZ/>
					<!--居住地址省 -->
					<VC_JZDS/>
					<!--居住地址市 -->
					<VC_JZS/>
					<!--居住地址区县 -->
					<VC_JZQX/>
					<!--居住街道 -->
					<VC_JZJD/>
					<!--居住居委 -->
					<VC_JZJW/>
					<!--居住详细地址 -->
					<VC_JZXXDZ/>
					<!--管理单位代码 -->
					<VC_GLDW/>
					<!--报告卡状态 -->
					<VC_BGKZT/>
					<!--报告卡类型 -->
					<VC_BGKLX/>
					<!--初访时间 -->
					<DT_CFSJ/>
					<!--随访时间 -->
					<DT_SFSJ/>
					<!--医院审核时间 -->
					<DT_YYSHSJ/>
					<!--区县审核时间 -->
					<DT_QXSHSJ/>
					<!--创建时间 -->
					<DT_CJSJ/>
					<!--上传主键 -->
					<VC_ID/>
				</ZjjkTnbHzxxBgk>
				.....
			</ZjjkTnbHzxxBgks>
		</putData>
	</Body>
</SoapRequest>