<?xml version="1.0" encoding="UTF-8" standalone="yes"?>
<SoapRequest>
	 <Header>
        <!--请求流水编号 -->
        <RequestId/>
        <!-- 请求时间-->
        <RequestTime/>
        <!--系统 -->
        <SrcSystem/>
        <!--调度码 -->
        <Integration/>
        <!--用户名 -->
        <UserName/>
        <!--密码-->
        <Password/>
    </Header>
	<Body>
		<putData>
			<ZjjkZlHzxxBgks>
				
                <!-- 描述数量-->
                <count/>
                <!-- 回传类型 -->
                <datatype />
				<!--上报区域 -->
				<areareport />
				<ZjjkZlHzxxBgk>
					<!--医院唯一标识 -->
					<VC_BGKID/>
					<!--病情已告知病人 -->
					<VC_BQYGZBR/>
					<!--门诊号 -->
					<VC_MZH/>
					<!--住院号 -->
					<VC_ZYH/>
					<!--ICD9 -->
					<VC_ICD9/>
					<!--ICDM -->
					<VC_ICDM/>
					<!--ICD—O -->
					<VC_ICDO/>
					<!--第六位 -->
					<VC_DLW/>
					<!--诊断ICD编码 -->
					<VC_ZDBW/>
					<!--诊断部位 -->
					<VC_ZDBMMS/>
					<!--病理学类型 -->
					<VC_BLXLX/>
					<!--病理号 -->
					<VC_BLH/>
					<!--诊断时期别 -->
					<VC_ZDSQB/>
					<!--诊断期别T -->
					<VC_ZDQBT/>
					<!--诊断期别N -->
					<VC_ZDQBN/>
					<!--诊断期别M -->
					<VC_ZDQBM/>
					<!--原诊断日期 -->
					<DT_YZDRQ/>
					<!--首次诊断日期 -->
					<DT_ZDRQ/>
					<!--最高诊断单位 -->
					<VC_ZGZDDW/>
					<!--原诊断 -->
					<VC_YZD/>
					<!--报卡单位 -->
					<VC_BGDW/>
					<!--报告医生 -->
					<VC_BGYS/>
					<!--报告日期 -->
					<DT_BGRQ/>
					<!--死亡日期 -->
					<DT_SWRQ/>
					<!--死亡原因 -->
					<VC_SWYY/>
					<!--死亡ICD-10 -->
					<VC_SWICD10/>
					<!--诊断依据 -->
					<VC_ZDYH/>
					<!--病史摘要 -->
					<VC_BSZY/>
					<!--死亡具体原因 -->
					<VC_SWICDMC/>
					<!--审核标志 -->
					<VC_SHBZ/>
					<!--患者姓名 -->
					<VC_HZXM/>
					<!--患者性别 -->
					<VC_HZXB/>
					<!--患者民族 -->
					<VC_HZMZ/>
					<!--患者出生日期 -->
					<DT_HZCSRQ/>
					<!--身份证号 -->
					<VC_SFZH/>
					<!--联系电话 -->
					<VC_JTDH/>
					<!--职业代码 -->
					<VC_ZYDM/>
					<!--工作单位 -->
					<VC_GZDW/>
					<!--具体工种 -->
					<VC_JTGZ/>
					<!--户口省份代码 -->
					<VC_HKSFDM/>
					<!--户口市级代码 -->
					<VC_HKSDM/>
					<!--户口区县代码 -->
					<VC_HKQXDM/>
					<!--户口街道代码 -->
					<VC_HKJDDM/>
					<!--户口居委代码 -->
					<VC_HKJWDM/>
					<!--户口详细地址 -->
					<VC_HKXXDZ/>
					<!--实际居住省份代码 -->
					<VC_SJSFDM/>
					<!--实际市级代码 -->
					<VC_SJSDM/>
					<!--实际区县代码 -->
					<VC_SJQXDM/>
					<!--实际居住街道代码 -->
					<VC_SJJDDM/>
					<!--实际居住居委代码 -->
					<VC_SJJWDM/>
					<!--实际居住详细地址 -->
					<VC_SJXXDZ/>
					<!--管理单位代码 -->
					<VC_GLDW/>
					<!--报告卡状态 -->
					<VC_BGKZT/>
					<!--报告卡类型 -->
					<VC_BGKLX/>
					<!--初访时间 -->
					<DT_CFSJ/>
					<!--随访时间 -->
					<DT_SFRQ/>
					<!--医院审核时间 -->
					<DT_YYSHSJ/>
					<!--区县审核时间 -->
					<DT_QXSHSJ/>
					<!--创建时间 -->
					<DT_CJSJ/>
					<!--上传主键 -->
					<VC_ID/>
				</ZjjkZlHzxxBgk>
			....
			</ZjjkZlHzxxBgks>
		</putData>
	</Body>
</SoapRequest>